﻿Designator,Footprint,Quantity,Value,LCSC Part #
"C1, C10, C11, C13, C14, C2, C6, C7, C8, C9",0402,10,1u,
C4,0402,1,GCM1555C1H180GA16D,
C5,0402,1,GJM1555C1H1R4WB01D,
D1,SOT-23,1,BAT54C,
"D2, D3",0402,2,B2841USD-20D001014U1930,
FB1,0402,1,BLM15AX700SN1D,
J2,SAMESKY_UJC-H-G-SMT-2-P6-TR,1,UJC-H-G-SMT-2-P6-TR,
J3,Molex_PicoBlade_53048-0210_1x02_P1.25mm_Horizontal,1,0530480210,
J4,SAMESKY_TB0011-350-03GR,1,TB0011-350-03GR,
J5,528070310,1,0528070310,
L1,0402,1,MHQ1005P1N8BT000,
Q1,SOT-23,1,NTR4003N,
"R1, R13, R14, R2, R7",0402,5,300,
"R10, R11, R4, R5",0402,4,5.1k,
"R3, R6, R8, R9",0402,4,100k,
SW1,SW_Push_PTS815_SJM_250_SMTR_LFS,1,PTS815SJM250SMTRLFS,
U1,Johanson_2450AT18D0100001E,1,2450AT18D0100001E,
U2,QFN-40-1EP_5x5mm_P0.4mm_EP3.8x3.8mm,1,EFR32BG24L210F768IM40-B,
U3,SOT-23-5,1,MCP73811T-420I-OT,
U4,SOT-23-5,1,TLV77133PDBVR,
U5,WSON-14-1EP_4.0x4.0mm_P0.5mm_EP2.6x2.6mm,1,LMP91000SDX/NOPB,
U6,LGA-14_3x2.5mm_P0.5mm_LayoutBorder3x4y,1,LSM6DSV,
Y1,Crystal_SMD_2016-4Pin_2.0x1.6mm,1,XTL501250-S315-038,
